{
  "6834C5D9D16703E233237393": {
    "db": "MariaDB",
    "bm": "TPC-C",
    "tstamp": "2025-05-26 20:49:45",
    "activevu": "1",
    "nopm": "8347",
    "tpm": "19383"
  },
  "6834C833380F03E253731363": {
    "db": "MariaDB",
    "bm": "TPC-C",
    "tstamp": "2025-05-26 20:59:47",
    "activevu": "1",
    "nopm": "9196",
    "tpm": "21337"
  },
  "6834CA8C9ECE03E223435303": {
    "db": "MariaDB",
    "bm": "TPC-C",
    "tstamp": "2025-05-26 21:09:48",
    "activevu": "2",
    "nopm": "13178",
    "tpm": "30097"
  },
  "6834CCE7602603E273031303": {
    "db": "MariaDB",
    "bm": "TPC-C",
    "tstamp": "2025-05-26 21:19:51",
    "activevu": "2",
    "nopm": "14934",
    "tpm": "34680"
  },
  "6834CF436DCB03E283537303": {
    "db": "MariaDB",
    "bm": "TPC-C",
    "tstamp": "2025-05-26 21:29:55",
    "activevu": "5",
    "nopm": "31128",
    "tpm": "71272"
  },
  "6834D1A0D68303E213837393": {
    "db": "MariaDB",
    "bm": "TPC-C",
    "tstamp": "2025-05-26 21:40:00",
    "activevu": "5",
    "nopm": "32027",
    "tpm": "72317"
  },
  "6834D3FD3F1403E243639333": {
    "db": "MariaDB",
    "bm": "TPC-C",
    "tstamp": "2025-05-26 21:50:05",
    "activevu": "8",
    "nopm": "36775",
    "tpm": "82790"
  },
  "6834D65AA80503E273838373": {
    "db": "MariaDB",
    "bm": "TPC-C",
    "tstamp": "2025-05-26 22:00:10",
    "activevu": "8",
    "nopm": "31720",
    "tpm": "71905"
  },
  "6834D8B8112303E233139323": {
    "db": "MariaDB",
    "bm": "TPC-C",
    "tstamp": "2025-05-26 22:10:16",
    "activevu": "12",
    "nopm": "35782",
    "tpm": "80576"
  },
  "6834DB197BC903E223138373": {
    "db": "MariaDB",
    "bm": "TPC-C",
    "tstamp": "2025-05-26 22:20:25",
    "activevu": "12",
    "nopm": "29147",
    "tpm": "64605"
  },
  "6834DD79E66303E223130363": {
    "db": "MariaDB",
    "bm": "TPC-C",
    "tstamp": "2025-05-26 22:30:33",
    "activevu": "16",
    "nopm": "37174",
    "tpm": "83669"
  },
  "6834DFDC527A03E263232313": {
    "db": "MariaDB",
    "bm": "TPC-C",
    "tstamp": "2025-05-26 22:40:44",
    "activevu": "16",
    "nopm": "37651",
    "tpm": "83603"
  }
}