{
  "6833589619DC03E203939393": {
    "db": "MariaDB",
    "bm": "TPC-C",
    "tstamp": "2025-05-25 18:51:18",
    "activevu": "1",
    "nopm": "8718",
    "tpm": "20288"
  },
  "68335C1C339C03E263834323": {
    "db": "MariaDB",
    "bm": "TPC-C",
    "tstamp": "2025-05-25 19:06:20",
    "activevu": "2",
    "nopm": "14453",
    "tpm": "33457"
  },
  "68335FA24DAD03E293133303": {
    "db": "MariaDB",
    "bm": "TPC-C",
    "tstamp": "2025-05-25 19:21:22",
    "activevu": "2",
    "nopm": "15347",
    "tpm": "35600"
  },
  "6833632A683103E203233313": {
    "db": "MariaDB",
    "bm": "TPC-C",
    "tstamp": "2025-05-25 19:36:26",
    "activevu": "5",
    "nopm": "32016",
    "tpm": "73763"
  },
  "683366B2830203E263534323": {
    "db": "MariaDB",
    "bm": "TPC-C",
    "tstamp": "2025-05-25 19:51:30",
    "activevu": "5",
    "nopm": "31833",
    "tpm": "74078"
  },
  "68336A3B9E3903E233635363": {
    "db": "MariaDB",
    "bm": "TPC-C",
    "tstamp": "2025-05-25 20:06:35",
    "activevu": "8",
    "nopm": "36004",
    "tpm": "83015"
  },
  "68336DC4B9EF03E293930383": {
    "db": "MariaDB",
    "bm": "TPC-C",
    "tstamp": "2025-05-25 20:21:40",
    "activevu": "8",
    "nopm": "37262",
    "tpm": "85636"
  },
  "6833714ED60703E253837343": {
    "db": "MariaDB",
    "bm": "TPC-C",
    "tstamp": "2025-05-25 20:36:46",
    "activevu": "12",
    "nopm": "37061",
    "tpm": "84981"
  },
  "683374D9F27F03E253039373": {
    "db": "MariaDB",
    "bm": "TPC-C",
    "tstamp": "2025-05-25 20:51:53",
    "activevu": "12",
    "nopm": "32564",
    "tpm": "74580"
  },
  "68337864F5F903E293831383": {
    "db": "MariaDB",
    "bm": "TPC-C",
    "tstamp": "2025-05-25 21:07:00",
    "activevu": "16",
    "nopm": "36013",
    "tpm": "82022"
  },
  "68337BF22DC003E223538383": {
    "db": "MariaDB",
    "bm": "TPC-C",
    "tstamp": "2025-05-25 21:22:10",
    "activevu": "16",
    "nopm": "36686",
    "tpm": "83239"
  }
}