{
  "68339FC4874203E223535353": {
    "db": "MariaDB",
    "bm": "TPC-C",
    "tstamp": "2025-05-25 23:55:00",
    "activevu": "1",
    "nopm": "7545",
    "tpm": "17548"
  },
  "6833A3288C8003E293731303": {
    "db": "MariaDB",
    "bm": "TPC-C",
    "tstamp": "2025-05-26 00:09:28",
    "activevu": "1",
    "nopm": "9312",
    "tpm": "21595"
  },
  "6833A581F2F303E213037373": {
    "db": "MariaDB",
    "bm": "TPC-C",
    "tstamp": "2025-05-26 00:19:29",
    "activevu": "2",
    "nopm": "14620",
    "tpm": "33952"
  },
  "6833A7DB59FE03E253631353": {
    "db": "MariaDB",
    "bm": "TPC-C",
    "tstamp": "2025-05-26 00:29:31",
    "activevu": "2",
    "nopm": "14551",
    "tpm": "33757"
  },
  "6833AA36C11003E223835323": {
    "db": "MariaDB",
    "bm": "TPC-C",
    "tstamp": "2025-05-26 00:39:34",
    "activevu": "5",
    "nopm": "20296",
    "tpm": "47169"
  },
  "6833AC942A1703E263130313": {
    "db": "MariaDB",
    "bm": "TPC-C",
    "tstamp": "2025-05-26 00:49:40",
    "activevu": "5",
    "nopm": "22443",
    "tpm": "51419"
  },
  "6833AEF192E003E293537343": {
    "db": "MariaDB",
    "bm": "TPC-C",
    "tstamp": "2025-05-26 00:59:45",
    "activevu": "8",
    "nopm": "35461",
    "tpm": "81767"
  },
  "6833B150FC9F03E243331343": {
    "db": "MariaDB",
    "bm": "TPC-C",
    "tstamp": "2025-05-26 01:09:52",
    "activevu": "8",
    "nopm": "36904",
    "tpm": "84179"
  },
  "6833B3AE65F003E253739373": {
    "db": "MariaDB",
    "bm": "TPC-C",
    "tstamp": "2025-05-26 01:19:58",
    "activevu": "12",
    "nopm": "29770",
    "tpm": "68438"
  },
  "6833B60FD0BE03E243832383": {
    "db": "MariaDB",
    "bm": "TPC-C",
    "tstamp": "2025-05-26 01:30:07",
    "activevu": "12",
    "nopm": "33571",
    "tpm": "77056"
  },
  "6833B86F3B9F03E233531393": {
    "db": "MariaDB",
    "bm": "TPC-C",
    "tstamp": "2025-05-26 01:40:15",
    "activevu": "16",
    "nopm": "37031",
    "tpm": "84050"
  },
  "6833BAD1A6E403E293439333": {
    "db": "MariaDB",
    "bm": "TPC-C",
    "tstamp": "2025-05-26 01:50:25",
    "activevu": "16",
    "nopm": "34396",
    "tpm": "78491"
  }
}