{
  "connection": {
    "pg_host": "localhost",
    "pg_port": "5432",
    "pg_sslmode": "prefer"
  },
  "tpcc": {
    "pg_count_ware": "10",
    "pg_num_vu": "4",
    "pg_superuser": "postgres",
    "pg_superuserpass": "postgres",
    "pg_defaultdbase": "postgres",
    "pg_user": "tpcc",
    "pg_pass": "tpcc",
    "pg_dbase": "tpcc",
    "pg_tspace": "pg_default",
    "pg_vacuum": "false",
    "pg_dritasnap": "false",
    "pg_oracompat": "false",
    "pg_cituscompat": "false",
    "pg_storedprocs": "false",
    "pg_partition": "false",
    "pg_total_iterations": "1000000",
    "pg_raiseerror": "false",
    "pg_keyandthink": "false",
    "pg_driver": "timed",
    "pg_rampup": "2",
    "pg_duration": "5",
    "pg_allwarehouse": "false",
    "pg_timeprofile": "false",
    "pg_async_scale": "false",
    "pg_async_client": "10",
    "pg_async_verbose": "false",
    "pg_async_delay": "1000",
    "pg_connect_pool": "false"
  }
}