{
  "683491C2C57603E293930303": {
    "db": "MariaDB",
    "bm": "TPC-C",
    "tstamp": "2025-05-26 17:07:30",
    "activevu": "1",
    "nopm": "8326",
    "tpm": "19366"
  },
  "68349548DEC603E233737373": {
    "db": "MariaDB",
    "bm": "TPC-C",
    "tstamp": "2025-05-26 17:22:32",
    "activevu": "1",
    "nopm": "7699",
    "tpm": "17902"
  },
  "683498CDF7CB03E203337323": {
    "db": "MariaDB",
    "bm": "TPC-C",
    "tstamp": "2025-05-26 17:37:33",
    "activevu": "2",
    "nopm": "14901",
    "tpm": "34688"
  },
  "68349C53115E03E223330383": {
    "db": "MariaDB",
    "bm": "TPC-C",
    "tstamp": "2025-05-26 17:52:35",
    "activevu": "2",
    "nopm": "14068",
    "tpm": "32303"
  },
  "68349FD82ACB03E233631303": {
    "db": "MariaDB",
    "bm": "TPC-C",
    "tstamp": "2025-05-26 18:07:36",
    "activevu": "5",
    "nopm": "26343",
    "tpm": "60183"
  },
  "6834A360458D03E263335363": {
    "db": "MariaDB",
    "bm": "TPC-C",
    "tstamp": "2025-05-26 18:22:40",
    "activevu": "5",
    "nopm": "31260",
    "tpm": "71611"
  },
  "6834A6E9609103E273936333": {
    "db": "MariaDB",
    "bm": "TPC-C",
    "tstamp": "2025-05-26 18:37:45",
    "activevu": "8",
    "nopm": "36016",
    "tpm": "82235"
  },
  "6834AA727C7303E273534303": {
    "db": "MariaDB",
    "bm": "TPC-C",
    "tstamp": "2025-05-26 18:52:50",
    "activevu": "8",
    "nopm": "30969",
    "tpm": "69859"
  },
  "6834ADFC987603E283937373": {
    "db": "MariaDB",
    "bm": "TPC-C",
    "tstamp": "2025-05-26 19:07:56",
    "activevu": "12",
    "nopm": "37502",
    "tpm": "84283"
  },
  "6834B189B5D903E233030353": {
    "db": "MariaDB",
    "bm": "TPC-C",
    "tstamp": "2025-05-26 19:23:05",
    "activevu": "12",
    "nopm": "37634",
    "tpm": "83998"
  },
  "6834B515D31703E203337313": {
    "db": "MariaDB",
    "bm": "TPC-C",
    "tstamp": "2025-05-26 19:38:13",
    "activevu": "16",
    "nopm": "37878",
    "tpm": "84559"
  },
  "6834B8A4F1F703E283434303": {
    "db": "MariaDB",
    "bm": "TPC-C",
    "tstamp": "2025-05-26 19:53:24",
    "activevu": "16",
    "nopm": "37379",
    "tpm": "84005"
  }
}